candidateId,speciesId,commonName,scientificName,stage,used,reason,isReferenceIllustration,localPath,stagingPath,source,sourceUrl,imageUrl,license,author,retrievedAt,approvedAt
wikimedia-commons-6714a89886,atlantic-salmon,Atlantic Salmon,Salmo salar,adult,true,,true,./images/species/atlantic-salmon/adult-1.jpg,staging/images/atlantic-salmon/adult/wikimedia-commons-6714a89886.jpg,wikimedia-commons,https://commons.wikimedia.org/wiki/File%3ASalmo_salar_(crop).jpg,https://upload.wikimedia.org/wikipedia/commons/thumb/0/06/Salmo_salar_%28crop%29.jpg/1280px-Salmo_salar_%28crop%29.jpg,Public domain,"Knepp, Timothy",2026-07-23T15:29:04.320Z,2026-07-24T12:33:29.427Z
wikimedia-commons-3baf67ba1d,atlantic-salmon,Atlantic Salmon,Salmo salar,adult,true,,false,./images/species/atlantic-salmon/adult-2.jpg,staging/images/atlantic-salmon/unknown/wikimedia-commons-3baf67ba1d.jpg,wikimedia-commons,https://commons.wikimedia.org/wiki/File%3ASalmo_trutta_Trout_Aquarium_Atlanterhavsparken_Norway.jpg,https://upload.wikimedia.org/wikipedia/commons/thumb/2/28/Salmo_trutta_Trout_Aquarium_Atlanterhavsparken_Norway.jpg/1280px-Salmo_trutta_Trout_Aquarium_Atlanterhavsparken_Norway.jpg,CC BY-SA 2.5,Hans-Petter Fjeld,2026-07-23T15:29:37.433Z,2026-07-24T12:34:20.643Z
gbif-9a7c41fede,atlantic-salmon,Atlantic Salmon,Salmo salar,adult,true,,false,./images/species/atlantic-salmon/adult-3.jpg,staging/images/atlantic-salmon/unknown/gbif-9a7c41fede.jpg,gbif,https://www.gbif.org/occurrence/6129931364,https://inaturalist-open-data.s3.amazonaws.com/photos/608269724/original.jpg,CC BY-NC 4.0,Will Earley,2026-07-23T15:31:12.073Z,2026-07-24T12:35:15.371Z
gbif-877c45e170,atlantic-salmon,Atlantic Salmon,Salmo salar,adult,true,,false,./images/species/atlantic-salmon/adult-4.jpg,staging/images/atlantic-salmon/adult/gbif-877c45e170.jpg,gbif,https://www.gbif.org/occurrence/6195629677,https://inaturalist-open-data.s3.amazonaws.com/photos/636163687/original.jpg,CC BY-NC 4.0,J. Burke Korol,2026-07-23T15:32:12.474Z,2026-07-24T13:07:39.808Z
gbif-a4100437e7,atlantic-salmon,Atlantic Salmon,Salmo salar,adult,true,,false,./images/species/atlantic-salmon/adult-5.jpg,staging/images/atlantic-salmon/adult/gbif-a4100437e7.jpg,gbif,https://www.gbif.org/occurrence/6273419697,https://inaturalist-open-data.s3.amazonaws.com/photos/654771745/original.jpg,CC BY-NC 4.0,kristen_towne,2026-07-23T15:32:44.368Z,2026-07-24T12:33:08.004Z
gbif-9529cd5daa,atlantic-salmon,Atlantic Salmon,Salmo salar,juvenile,true,,false,./images/species/atlantic-salmon/juvenile-1.jpg,staging/images/atlantic-salmon/juvenile/gbif-9529cd5daa.jpg,gbif,https://www.gbif.org/occurrence/6185226819,https://inaturalist-open-data.s3.amazonaws.com/photos/625486783/original.jpg,CC BY-NC 4.0,donnymidas,2026-07-23T15:31:48.133Z,2026-07-24T12:33:39.524Z
gbif-958dcaf21c,atlantic-salmon,Atlantic Salmon,Salmo salar,juvenile,true,,false,./images/species/atlantic-salmon/juvenile-2.jpg,staging/images/atlantic-salmon/juvenile/gbif-958dcaf21c.jpg,gbif,https://www.gbif.org/occurrence/6195845993,https://inaturalist-open-data.s3.amazonaws.com/photos/636523102/original.jpg,CC BY-NC 4.0,guybroome,2026-07-23T15:32:16.119Z,2026-07-24T12:34:00.827Z
wikimedia-commons-8687e2819e,brook-trout,Brook Trout,Salvelinus fontinalis,adult,true,,true,./images/species/brook-trout/adult-1.jpg,staging/images/brook-trout/adult/wikimedia-commons-8687e2819e.jpg,wikimedia-commons,https://commons.wikimedia.org/wiki/File%3ABrook_trout.jpg,https://upload.wikimedia.org/wikipedia/commons/thumb/b/b9/Brook_trout.jpg/1280px-Brook_trout.jpg,Public domain,"Raver, Duane. Cropped by Siebrand",2026-07-23T15:34:45.675Z,2026-07-24T13:08:38.547Z
wikimedia-commons-b5c87519f4,brook-trout,Brook Trout,Salvelinus fontinalis,adult,true,,true,./images/species/brook-trout/adult-2.jpg,staging/images/brook-trout/adult/wikimedia-commons-b5c87519f4.jpg,wikimedia-commons,https://commons.wikimedia.org/wiki/File%3ABrook_trout_freshwater_fish.jpg,https://upload.wikimedia.org/wikipedia/commons/d/dd/Brook_trout_freshwater_fish.jpg,Public domain,"Duane Raver, U.S. Fish and Wildlife Service",2026-07-23T15:34:52.403Z,2026-07-24T13:08:40.243Z
wikimedia-commons-2cda83abc8,brook-trout,Brook Trout,Salvelinus fontinalis,adult,true,,true,./images/species/brook-trout/adult-3.jpg,staging/images/brook-trout/adult/wikimedia-commons-2cda83abc8.jpg,wikimedia-commons,https://commons.wikimedia.org/wiki/File%3AArtwork_of_brook_trout_fish_3_fish_underwater.jpg,https://upload.wikimedia.org/wikipedia/commons/thumb/3/32/Artwork_of_brook_trout_fish_3_fish_underwater.jpg/1280px-Artwork_of_brook_trout_fish_3_fish_underwater.jpg,Public domain,"Robert W. Hines, U.S. Fish and Wildlife Service",2026-07-23T15:34:57.431Z,2026-07-24T13:09:00.765Z
wikimedia-commons-31063b7965,brook-trout,Brook Trout,Salvelinus fontinalis,adult,true,,false,./images/species/brook-trout/adult-4.jpg,staging/images/brook-trout/unknown/wikimedia-commons-31063b7965.jpg,wikimedia-commons,https://commons.wikimedia.org/wiki/File%3ASalvelinus_fontinalis.jpg,https://upload.wikimedia.org/wikipedia/commons/thumb/f/f9/Salvelinus_fontinalis.jpg/1280px-Salvelinus_fontinalis.jpg,Public domain,"Engbretson, Eric",2026-07-23T15:36:40.401Z,2026-07-24T13:09:14.060Z
wikimedia-commons-a06c236f7c,brook-trout,Brook Trout,Salvelinus fontinalis,adult,true,,false,./images/species/brook-trout/adult-5.jpg,staging/images/brook-trout/unknown/wikimedia-commons-a06c236f7c.jpg,wikimedia-commons,https://commons.wikimedia.org/wiki/File%3ABrook_trout_in_water.jpg,https://upload.wikimedia.org/wikipedia/commons/e/ee/Brook_trout_in_water.jpg,Public domain,Jay Fleming (US Nat'l Park Svc),2026-07-23T15:37:50.701Z,2026-07-24T13:09:22.019Z
gbif-22392bef32,brook-trout,Brook Trout,Salvelinus fontinalis,adult,true,,false,./images/species/brook-trout/adult-6.jpg,staging/images/brook-trout/adult/gbif-22392bef32.jpg,gbif,https://www.gbif.org/occurrence/6130242785,https://inaturalist-open-data.s3.amazonaws.com/photos/606503006/original.jpg,CC BY-NC 4.0,Claire,2026-07-23T15:40:43.564Z,2026-07-24T13:08:50.756Z
gbif-847f051b6a,brook-trout,Brook Trout,Salvelinus fontinalis,adult,true,,false,./images/species/brook-trout/adult-7.jpg,staging/images/brook-trout/adult/gbif-847f051b6a.jpg,gbif,https://www.gbif.org/occurrence/6130447267,https://inaturalist-open-data.s3.amazonaws.com/photos/608769048/original.jpg,CC BY-NC 4.0,Dargan Jaeger,2026-07-23T15:40:59.396Z,2026-07-24T13:09:03.674Z
gbif-6266766582,brook-trout,Brook Trout,Salvelinus fontinalis,adult,true,,false,./images/species/brook-trout/adult-8.jpg,staging/images/brook-trout/adult/gbif-6266766582.jpg,gbif,https://www.gbif.org/occurrence/6130447267,https://inaturalist-open-data.s3.amazonaws.com/photos/608769069/original.jpg,CC BY-NC 4.0,Dargan Jaeger,2026-07-23T15:41:11.416Z,2026-07-24T13:08:46.764Z
gbif-b1bd2fb15e,brook-trout,Brook Trout,Salvelinus fontinalis,parr,true,,false,./images/species/brook-trout/parr-1.jpg,staging/images/brook-trout/unknown/gbif-b1bd2fb15e.jpg,gbif,https://www.gbif.org/occurrence/5938398833,https://inaturalist-open-data.s3.amazonaws.com/photos/605650527/original.jpg,CC BY-NC 4.0,Andrea M,2026-07-23T15:40:35.431Z,2026-07-24T13:09:43.403Z
wikimedia-commons-6e913462df,brown-trout,Brown Trout,Salmo trutta,adult,true,,true,./images/species/brown-trout/adult-1.jpg,staging/images/brown-trout/adult/wikimedia-commons-6e913462df.jpg,wikimedia-commons,https://commons.wikimedia.org/wiki/File%3ABachforelle_Zeichnung.jpg,https://upload.wikimedia.org/wikipedia/commons/3/35/Bachforelle_Zeichnung.jpg,Public domain,"Duane Raver, U.S. Fish and Wildlife Service",2026-07-23T15:44:01.699Z,2026-07-24T13:09:54.610Z
wikimedia-commons-a09f2f7c26,brown-trout,Brown Trout,Salmo trutta,adult,true,,false,./images/species/brown-trout/adult-2.jpg,staging/images/brown-trout/unknown/wikimedia-commons-a09f2f7c26.jpg,wikimedia-commons,https://commons.wikimedia.org/wiki/File%3ASalmo_trutta.jpg,https://upload.wikimedia.org/wikipedia/commons/thumb/2/2e/Salmo_trutta.jpg/1280px-Salmo_trutta.jpg,Public domain,Eric Engbretson for U.S. Fish and Wildlife Service,2026-07-23T15:46:21.524Z,2026-07-24T13:10:07.122Z
wikimedia-commons-e95fd0b4f9,brown-trout,Brown Trout,Salmo trutta,adult,true,,false,./images/species/brown-trout/adult-3.jpg,staging/images/brown-trout/unknown/wikimedia-commons-e95fd0b4f9.jpg,wikimedia-commons,https://commons.wikimedia.org/wiki/File%3ABrown_trout_in_Tierra_del_Fuego%2C_Chile.jpg,https://upload.wikimedia.org/wikipedia/commons/thumb/d/d0/Brown_trout_in_Tierra_del_Fuego%2C_Chile.jpg/1280px-Brown_trout_in_Tierra_del_Fuego%2C_Chile.jpg,CC BY-SA 2.0,Oregon State University,2026-07-23T15:46:59.300Z,2026-07-24T13:10:13.874Z
gbif-cf80caa345,brown-trout,Brown Trout,Salmo trutta,adult,true,,false,./images/species/brown-trout/adult-4.jpg,staging/images/brown-trout/adult/gbif-cf80caa345.jpg,gbif,https://www.gbif.org/occurrence/5938278557,https://inaturalist-open-data.s3.amazonaws.com/photos/605248237/original.jpg,CC BY-NC 4.0,bevo2020,2026-07-23T15:50:13.152Z,2026-07-24T13:10:00.777Z
gbif-2b8ca6aff1,brown-trout,Brown Trout,Salmo trutta,unknown,false,approved but no life stage assigned yet — re-review and set a stage,false,,staging/images/brown-trout/unknown/gbif-2b8ca6aff1.jpg,gbif,https://www.gbif.org/occurrence/5938254015,https://inaturalist-open-data.s3.amazonaws.com/photos/605452961/original.jpg,CC BY-NC 4.0,Joe,2026-07-23T15:49:57.179Z,2026-07-24T13:10:29.850Z
wikimedia-commons-acb8676e4a,rainbow-trout,Rainbow Trout,Oncorhynchus mykiss,adult,true,,true,./images/species/rainbow-trout/adult-1.jpg,staging/images/rainbow-trout/adult/wikimedia-commons-acb8676e4a.jpg,wikimedia-commons,https://commons.wikimedia.org/wiki/File%3ARainbow_trout_FWS_1.jpg,https://upload.wikimedia.org/wikipedia/commons/thumb/e/e2/Rainbow_trout_FWS_1.jpg/1280px-Rainbow_trout_FWS_1.jpg,Public domain,"Knepp, Timothy - U.S. Fish and Wildlife Service",2026-07-23T15:53:26.579Z,2026-07-24T13:10:36.272Z
gbif-8e1bfafe29,rainbow-trout,Rainbow Trout,Oncorhynchus mykiss,adult,true,,false,./images/species/rainbow-trout/adult-2.jpg,staging/images/rainbow-trout/adult/gbif-8e1bfafe29.jpg,gbif,https://www.gbif.org/occurrence/5938618095,https://inaturalist-open-data.s3.amazonaws.com/photos/605274008/original.jpg,CC BY-NC 4.0,Josh Woodsworth,2026-07-23T15:58:52.283Z,2026-07-24T13:10:40.360Z
wikimedia-commons-ec88bbd336,rainbow-trout,Rainbow Trout,Oncorhynchus mykiss,unknown,false,approved but no life stage assigned yet — re-review and set a stage,false,,staging/images/rainbow-trout/unknown/wikimedia-commons-ec88bbd336.jpg,wikimedia-commons,https://commons.wikimedia.org/wiki/File%3ARainbow_Trout_(Oncorhynchus_mykiss)_Gavins_Point.jpg,https://upload.wikimedia.org/wikipedia/commons/thumb/c/c6/Rainbow_Trout_%28Oncorhynchus_mykiss%29_Gavins_Point.jpg/1280px-Rainbow_Trout_%28Oncorhynchus_mykiss%29_Gavins_Point.jpg,Public domain,USFWS Mountain Prairie,2026-07-23T15:58:02.477Z,2026-07-24T13:10:53.031Z
wikimedia-commons-4395706f44,lake-trout,Lake Trout,Salvelinus namaycush,adult,true,,true,./images/species/lake-trout/adult-1.jpg,staging/images/lake-trout/adult/wikimedia-commons-4395706f44.jpg,wikimedia-commons,https://commons.wikimedia.org/wiki/File%3ALake_trout_fishes_salvelinus_namaycush.jpg,https://upload.wikimedia.org/wikipedia/commons/thumb/b/ba/Lake_trout_fishes_salvelinus_namaycush.jpg/1280px-Lake_trout_fishes_salvelinus_namaycush.jpg,Public domain,"Knepp Timothy, U.S. Fish and Wildlife Service",2026-07-23T16:02:20.316Z,2026-07-24T13:11:01.177Z
wikimedia-commons-ae0df8aab4,lake-trout,Lake Trout,Salvelinus namaycush,adult,true,,false,./images/species/lake-trout/adult-2.png,staging/images/lake-trout/unknown/wikimedia-commons-ae0df8aab4.png,wikimedia-commons,https://commons.wikimedia.org/wiki/File%3AIron_River_NFH_lake_trout_6_March_2024.png,https://upload.wikimedia.org/wikipedia/commons/thumb/f/fe/Iron_River_NFH_lake_trout_6_March_2024.png/1280px-Iron_River_NFH_lake_trout_6_March_2024.png,Public domain,USFWS,2026-07-23T16:05:46.198Z,2026-07-24T13:12:56.375Z
gbif-6a4c53754c,lake-trout,Lake Trout,Salvelinus namaycush,adult,true,,false,./images/species/lake-trout/adult-3.jpg,staging/images/lake-trout/adult/gbif-6a4c53754c.jpg,gbif,https://www.gbif.org/occurrence/6441041443,https://inaturalist-open-data.s3.amazonaws.com/photos/695189034/original.jpg,CC BY-NC 4.0,emeraldamiaocellicauda,2026-07-23T16:08:04.729Z,2026-07-24T13:11:06.287Z
gbif-b641460277,lake-trout,Lake Trout,Salvelinus namaycush,adult,true,,false,./images/species/lake-trout/adult-4.jpg,staging/images/lake-trout/unknown/gbif-b641460277.jpg,gbif,https://www.gbif.org/occurrence/6195452358,https://inaturalist-open-data.s3.amazonaws.com/photos/637088733/original.jpg,CC BY-NC 4.0,Ellie,2026-07-23T16:08:12.549Z,2026-07-24T13:11:20.663Z
gbif-e931defedf,lake-trout,Lake Trout,Salvelinus namaycush,juvenile,true,,false,./images/species/lake-trout/juvenile-1.jpg,staging/images/lake-trout/juvenile/gbif-e931defedf.jpg,gbif,https://www.gbif.org/occurrence/6159366989,https://inaturalist-open-data.s3.amazonaws.com/photos/616232511/original.jpg,CC BY-NC 4.0,Drew,2026-07-23T16:07:36.489Z,2026-07-24T13:13:04.736Z
wikimedia-commons-eb22f003d5,chain-pickerel,Chain Pickerel,Esox niger,adult,true,,true,./images/species/chain-pickerel/adult-1.png,staging/images/chain-pickerel/adult/wikimedia-commons-eb22f003d5.png,wikimedia-commons,https://commons.wikimedia.org/wiki/File%3AChain_pickerel_(Duane_Raver).png,https://upload.wikimedia.org/wikipedia/commons/3/38/Chain_pickerel_%28Duane_Raver%29.png,Public domain,"Raver Duane, U.S. Fish and Wildlife Service",2026-07-23T16:10:25.681Z,2026-07-24T13:13:26.406Z
wikimedia-commons-81ebbc0557,chain-pickerel,Chain Pickerel,Esox niger,adult,true,,false,./images/species/chain-pickerel/adult-2.jpg,staging/images/chain-pickerel/unknown/wikimedia-commons-81ebbc0557.jpg,wikimedia-commons,https://commons.wikimedia.org/wiki/File%3AEsox_niger_imported_from_iNaturalist_photo_48309563_on_14_January_2020.jpg,https://upload.wikimedia.org/wikipedia/commons/thumb/3/30/Esox_niger_imported_from_iNaturalist_photo_48309563_on_14_January_2020.jpg/1280px-Esox_niger_imported_from_iNaturalist_photo_48309563_on_14_January_2020.jpg,CC BY 4.0,"(c) Ken-ichi Ueda, some rights reserved (CC BY)",2026-07-23T16:13:12.604Z,2026-07-24T13:13:47.255Z
gbif-04a9191b58,chain-pickerel,Chain Pickerel,Esox niger,adult,true,,false,./images/species/chain-pickerel/adult-3.jpg,staging/images/chain-pickerel/adult/gbif-04a9191b58.jpg,gbif,https://www.gbif.org/occurrence/5938263520,https://inaturalist-open-data.s3.amazonaws.com/photos/605418316/original.jpg,CC BY-NC 4.0,otofrog,2026-07-23T16:13:27.698Z,2026-07-24T13:13:28.398Z
gbif-88cbefa647,chain-pickerel,Chain Pickerel,Esox niger,adult,true,,false,./images/species/chain-pickerel/adult-4.jpg,staging/images/chain-pickerel/adult/gbif-88cbefa647.jpg,gbif,https://www.gbif.org/occurrence/6159256419,https://inaturalist-open-data.s3.amazonaws.com/photos/614592052/original.jpg,CC BY-NC 4.0,brianarob,2026-07-23T16:14:01.007Z,2026-07-24T13:13:35.206Z
wikimedia-commons-a1135e6e51,smallmouth-bass,Smallmouth Bass,Micropterus dolomieu,adult,true,,true,./images/species/smallmouth-bass/adult-1.png,staging/images/smallmouth-bass/adult/wikimedia-commons-a1135e6e51.png,wikimedia-commons,https://commons.wikimedia.org/wiki/File%3ASmallmouth_bass.png,https://upload.wikimedia.org/wikipedia/commons/d/d0/Smallmouth_bass.png,Public domain,"Ianaré Sévi (for modifications only)
Duane Raver, U.S. Fish and Wildlife Service",2026-07-23T16:17:01.249Z,2026-07-24T13:13:58.854Z
wikimedia-commons-bdc8694196,smallmouth-bass,Smallmouth Bass,Micropterus dolomieu,adult,true,,false,./images/species/smallmouth-bass/adult-2.jpg,staging/images/smallmouth-bass/unknown/wikimedia-commons-bdc8694196.jpg,wikimedia-commons,https://commons.wikimedia.org/wiki/File%3AMicropterus_dolomieu.jpg,https://upload.wikimedia.org/wikipedia/commons/thumb/6/62/Micropterus_dolomieu.jpg/1280px-Micropterus_dolomieu.jpg,Public domain,"Eric Engbretson, U.S. Fish and Wildlife Service",2026-07-23T16:18:28.536Z,2026-07-24T13:14:31.198Z
wikimedia-commons-531dc1a3ff,smallmouth-bass,Smallmouth Bass,Micropterus dolomieu,adult,true,,false,./images/species/smallmouth-bass/adult-3.jpg,staging/images/smallmouth-bass/unknown/wikimedia-commons-531dc1a3ff.jpg,wikimedia-commons,https://commons.wikimedia.org/wiki/File%3ASmallmouth_Bass_(Micropterus_dolomieu).jpg,https://upload.wikimedia.org/wikipedia/commons/thumb/3/37/Smallmouth_Bass_%28Micropterus_dolomieu%29.jpg/1280px-Smallmouth_Bass_%28Micropterus_dolomieu%29.jpg,Public domain,USFWS Mountain Prairie,2026-07-23T16:20:45.480Z,2026-07-24T13:14:41.837Z
gbif-20c0145c22,smallmouth-bass,Smallmouth Bass,Micropterus dolomieu,adult,true,,false,./images/species/smallmouth-bass/adult-4.jpg,staging/images/smallmouth-bass/adult/gbif-20c0145c22.jpg,gbif,https://www.gbif.org/occurrence/6129831845,https://inaturalist-open-data.s3.amazonaws.com/photos/606557528/original.jpg,CC BY-NC 4.0,David Sanderson-Kilchenstein,2026-07-23T16:21:43.017Z,2026-07-24T13:14:07.118Z
gbif-d3e500fb64,smallmouth-bass,Smallmouth Bass,Micropterus dolomieu,juvenile,true,,false,./images/species/smallmouth-bass/juvenile-1.jpg,staging/images/smallmouth-bass/juvenile/gbif-d3e500fb64.jpg,gbif,https://www.gbif.org/occurrence/6131012170,https://inaturalist-open-data.s3.amazonaws.com/photos/607765283/original.jpg,CC BY-NC 4.0,Oscar Upson,2026-07-23T16:22:07.208Z,2026-07-24T13:14:11.124Z
gbif-4afdcc4a86,smallmouth-bass,Smallmouth Bass,Micropterus dolomieu,juvenile,true,,false,./images/species/smallmouth-bass/juvenile-2.jpg,staging/images/smallmouth-bass/juvenile/gbif-4afdcc4a86.jpg,gbif,https://www.gbif.org/occurrence/6131012170,https://inaturalist-open-data.s3.amazonaws.com/photos/607765280/original.jpg,CC BY-NC 4.0,Oscar Upson,2026-07-23T16:22:15.252Z,2026-07-24T13:14:13.964Z
gbif-ed9d3b3707,smallmouth-bass,Smallmouth Bass,Micropterus dolomieu,juvenile,true,,false,./images/species/smallmouth-bass/juvenile-3.jpg,staging/images/smallmouth-bass/juvenile/gbif-ed9d3b3707.jpg,gbif,https://www.gbif.org/occurrence/6131012170,https://inaturalist-open-data.s3.amazonaws.com/photos/607765284/original.jpg,CC BY-NC 4.0,Oscar Upson,2026-07-23T16:22:19.228Z,2026-07-24T13:14:15.297Z
gbif-50434f55f6,smallmouth-bass,Smallmouth Bass,Micropterus dolomieu,juvenile,true,,false,./images/species/smallmouth-bass/juvenile-4.jpg,staging/images/smallmouth-bass/juvenile/gbif-50434f55f6.jpg,gbif,https://www.gbif.org/occurrence/6131012170,https://inaturalist-open-data.s3.amazonaws.com/photos/607765286/original.jpg,CC BY-NC 4.0,Oscar Upson,2026-07-23T16:22:23.259Z,2026-07-24T13:14:16.263Z
gbif-1fa66d489d,smallmouth-bass,Smallmouth Bass,Micropterus dolomieu,juvenile,true,,false,./images/species/smallmouth-bass/juvenile-5.jpg,staging/images/smallmouth-bass/juvenile/gbif-1fa66d489d.jpg,gbif,https://www.gbif.org/occurrence/6131012170,https://inaturalist-open-data.s3.amazonaws.com/photos/607765297/original.jpg,CC BY-NC 4.0,Oscar Upson,2026-07-23T16:22:27.227Z,2026-07-24T13:14:17.518Z
wikimedia-commons-4414d40055,striped-bass,Striped Bass,Morone saxatilis,adult,true,,true,./images/species/striped-bass/adult-1.jpg,staging/images/striped-bass/adult/wikimedia-commons-4414d40055.jpg,wikimedia-commons,https://commons.wikimedia.org/wiki/File%3AStriped_bass_FWS_1.jpg,https://upload.wikimedia.org/wikipedia/commons/thumb/9/9f/Striped_bass_FWS_1.jpg/1280px-Striped_bass_FWS_1.jpg,Public domain,Timothy Knepp,2026-07-23T16:25:04.748Z,2026-07-24T13:14:48.372Z
wikimedia-commons-b06cbb6089,striped-bass,Striped Bass,Morone saxatilis,adult,true,,true,./images/species/striped-bass/adult-2.jpg,staging/images/striped-bass/adult/wikimedia-commons-b06cbb6089.jpg,wikimedia-commons,https://commons.wikimedia.org/wiki/File%3AStriped_bass_morone_saxatilis_fish.jpg,https://upload.wikimedia.org/wikipedia/commons/thumb/2/21/Striped_bass_morone_saxatilis_fish.jpg/1280px-Striped_bass_morone_saxatilis_fish.jpg,Public domain,"Raver Duane, U.S. Fish and Wildlife Service",2026-07-23T16:25:07.604Z,2026-07-24T13:14:51.383Z
wikimedia-commons-3576e239f6,striped-bass,Striped Bass,Morone saxatilis,adult,true,,false,./images/species/striped-bass/adult-3.jpg,staging/images/striped-bass/unknown/wikimedia-commons-3576e239f6.jpg,wikimedia-commons,https://commons.wikimedia.org/wiki/File%3AMorone_saxatilis_SI2.jpg,https://upload.wikimedia.org/wikipedia/commons/7/74/Morone_saxatilis_SI2.jpg,Public domain,D Ross Robertson,2026-07-23T16:27:09.902Z,2026-07-24T13:15:15.926Z
gbif-07b4d1e697,striped-bass,Striped Bass,Morone saxatilis,adult,true,,false,./images/species/striped-bass/adult-4.jpg,staging/images/striped-bass/unknown/gbif-07b4d1e697.jpg,gbif,https://www.gbif.org/occurrence/5938402600,https://inaturalist-open-data.s3.amazonaws.com/photos/605458389/original.jpg,CC BY-NC 4.0,Jonathan Irons,2026-07-23T16:30:04.279Z,2026-07-24T13:15:03.479Z
gbif-29f5e5e14d,striped-bass,Striped Bass,Morone saxatilis,juvenile,true,,false,./images/species/striped-bass/juvenile-1.jpg,staging/images/striped-bass/juvenile/gbif-29f5e5e14d.jpg,gbif,https://www.gbif.org/occurrence/6131084617,https://inaturalist-open-data.s3.amazonaws.com/photos/606475161/original.jpg,CC0 1.0,Ingolf Askevold,2026-07-23T16:30:08.760Z,2026-07-24T13:14:53.621Z
wikimedia-commons-8bec5fce9c,blacknose-dace,Blacknose Dace,Rhinichthys atratulus,adult,true,,false,./images/species/blacknose-dace/adult-1.jpg,staging/images/blacknose-dace/unknown/wikimedia-commons-8bec5fce9c.jpg,wikimedia-commons,https://commons.wikimedia.org/wiki/File%3ARhinichthys_atratulus_(S0193).jpg,https://upload.wikimedia.org/wikipedia/commons/thumb/9/9e/Rhinichthys_atratulus_%28S0193%29.jpg/1280px-Rhinichthys_atratulus_%28S0193%29.jpg,CC BY 2.0,SERC Photos,2026-07-23T16:36:35.782Z,2026-07-24T13:15:33.600Z
wikimedia-commons-d82be34522,blacknose-dace,Blacknose Dace,Rhinichthys atratulus,adult,true,,false,./images/species/blacknose-dace/adult-2.jpg,staging/images/blacknose-dace/unknown/wikimedia-commons-d82be34522.jpg,wikimedia-commons,https://commons.wikimedia.org/wiki/File%3ARhinichthys_atratulus_189919114.jpg,https://upload.wikimedia.org/wikipedia/commons/thumb/2/20/Rhinichthys_atratulus_189919114.jpg/1280px-Rhinichthys_atratulus_189919114.jpg,CC BY 4.0,averagewalrus,2026-07-23T16:36:36.191Z,2026-07-24T13:15:42.655Z
gbif-68291e10b2,common-shiner,Common Shiner,Luxilus cornutus,juvenile,true,,false,./images/species/common-shiner/juvenile-1.jpg,staging/images/common-shiner/unknown/gbif-68291e10b2.jpg,gbif,https://www.gbif.org/occurrence/6130065423,https://inaturalist-open-data.s3.amazonaws.com/photos/607276686/original.jpg,CC BY-NC 4.0,Keemy Wille,2026-07-23T17:00:50.724Z,2026-07-24T13:23:16.024Z
gbif-9fc8a8bd0c,common-shiner,Common Shiner,Luxilus cornutus,juvenile,true,,false,./images/species/common-shiner/juvenile-2.jpg,staging/images/common-shiner/unknown/gbif-9fc8a8bd0c.jpg,gbif,https://www.gbif.org/occurrence/6133119609,https://inaturalist-open-data.s3.amazonaws.com/photos/611779847/original.jpg,CC BY-NC 4.0,k-schafer,2026-07-23T17:01:02.962Z,2026-07-24T13:23:30.455Z
wikimedia-commons-20d2971285,creek-chub,Creek Chub,Semotilus atromaculatus,adult,true,,false,./images/species/creek-chub/adult-1.jpg,staging/images/creek-chub/unknown/wikimedia-commons-20d2971285.jpg,wikimedia-commons,https://commons.wikimedia.org/wiki/File%3ASemotilus_atromaculatus.jpg,https://upload.wikimedia.org/wikipedia/commons/thumb/d/d1/Semotilus_atromaculatus.jpg/1280px-Semotilus_atromaculatus.jpg,CC BY 2.0,Brian Gratwicke,2026-07-23T17:07:25.554Z,2026-07-24T13:23:46.961Z
wikimedia-commons-c0e3177dd7,creek-chub,Creek Chub,Semotilus atromaculatus,adult,true,,false,./images/species/creek-chub/adult-2.jpg,staging/images/creek-chub/unknown/wikimedia-commons-c0e3177dd7.jpg,wikimedia-commons,https://commons.wikimedia.org/wiki/File%3ASemotilus_atromaculatus_447481215.jpg,https://upload.wikimedia.org/wikipedia/commons/thumb/9/98/Semotilus_atromaculatus_447481215.jpg/1280px-Semotilus_atromaculatus_447481215.jpg,CC0,nmacelko2,2026-07-23T17:07:58.503Z,2026-07-24T13:24:00.153Z
wikimedia-commons-d00c4a4242,creek-chub,Creek Chub,Semotilus atromaculatus,adult,true,,false,./images/species/creek-chub/adult-3.jpg,staging/images/creek-chub/unknown/wikimedia-commons-d00c4a4242.jpg,wikimedia-commons,https://commons.wikimedia.org/wiki/File%3ASemotilus_atromaculatus_452842716.jpg,https://upload.wikimedia.org/wikipedia/commons/thumb/e/ee/Semotilus_atromaculatus_452842716.jpg/1280px-Semotilus_atromaculatus_452842716.jpg,CC BY 4.0,Dominic,2026-07-23T17:08:03.845Z,2026-07-24T13:24:19.043Z
gbif-024fbc0f99,creek-chub,Creek Chub,Semotilus atromaculatus,adult,true,,false,./images/species/creek-chub/adult-4.jpg,staging/images/creek-chub/unknown/gbif-024fbc0f99.jpg,gbif,https://www.gbif.org/occurrence/5938401062,https://inaturalist-open-data.s3.amazonaws.com/photos/604654040/original.jpg,CC BY 4.0,ashleyrsteel,2026-07-23T17:08:14.244Z,2026-07-24T13:24:07.377Z
wikimedia-commons-c7abb528b1,banded-killifish,Banded Killifish,Fundulus diaphanus,adult,true,,false,./images/species/banded-killifish/adult-1.jpg,staging/images/banded-killifish/unknown/wikimedia-commons-c7abb528b1.jpg,wikimedia-commons,https://commons.wikimedia.org/wiki/File%3AUmbra_limi_and_Fundulus_diaphanus_menona_(45995838915).jpg,https://upload.wikimedia.org/wikipedia/commons/thumb/5/58/Umbra_limi_and_Fundulus_diaphanus_menona_%2845995838915%29.jpg/1280px-Umbra_limi_and_Fundulus_diaphanus_menona_%2845995838915%29.jpg,CC BY 2.0,Biodiversity Heritage Library,2026-07-23T17:11:46.502Z,2026-07-24T13:25:00.078Z
wikimedia-commons-3cec2904f0,banded-killifish,Banded Killifish,Fundulus diaphanus,adult,true,,false,./images/species/banded-killifish/adult-2.jpg,staging/images/banded-killifish/unknown/wikimedia-commons-3cec2904f0.jpg,wikimedia-commons,https://commons.wikimedia.org/wiki/File%3AFundulus_diaphanus_menona_(45995838915).jpg,https://upload.wikimedia.org/wikipedia/commons/thumb/e/e3/Fundulus_diaphanus_menona_%2845995838915%29.jpg/1280px-Fundulus_diaphanus_menona_%2845995838915%29.jpg,CC BY 2.0,Biodiversity Heritage Library,2026-07-23T17:11:46.960Z,2026-07-24T13:24:29.913Z
wikimedia-commons-8ed7256300,banded-killifish,Banded Killifish,Fundulus diaphanus,adult,true,,false,./images/species/banded-killifish/adult-3.jpg,staging/images/banded-killifish/unknown/wikimedia-commons-8ed7256300.jpg,wikimedia-commons,https://commons.wikimedia.org/wiki/File%3AFundulus_diaphanus_416296699.jpg,https://upload.wikimedia.org/wikipedia/commons/thumb/2/28/Fundulus_diaphanus_416296699.jpg/1280px-Fundulus_diaphanus_416296699.jpg,CC0,Nick Spigler,2026-07-23T17:12:18.948Z,2026-07-24T13:25:08.503Z
gbif-fee3967422,banded-killifish,Banded Killifish,Fundulus diaphanus,adult,true,,false,./images/species/banded-killifish/adult-4.jpg,staging/images/banded-killifish/unknown/gbif-fee3967422.jpg,gbif,https://www.gbif.org/occurrence/6162858449,https://inaturalist-open-data.s3.amazonaws.com/photos/618322486/original.jpg,CC BY-NC 4.0,Charlie Mellor,2026-07-23T17:12:19.508Z,2026-07-24T13:24:45.925Z
wikimedia-commons-ef467265c0,mummichog,Mummichog,Fundulus heteroclitus,adult,true,,false,./images/species/mummichog/adult-1.jpg,staging/images/mummichog/unknown/wikimedia-commons-ef467265c0.jpg,wikimedia-commons,https://commons.wikimedia.org/wiki/File%3AMummichog.jpg,https://upload.wikimedia.org/wikipedia/commons/3/3a/Mummichog.jpg,Public domain,NOAA,2026-07-23T17:15:55.296Z,2026-07-24T13:26:14.942Z
wikimedia-commons-f03d41b7e4,mummichog,Mummichog,Fundulus heteroclitus,adult,true,,false,./images/species/mummichog/adult-2.jpg,staging/images/mummichog/unknown/wikimedia-commons-f03d41b7e4.jpg,wikimedia-commons,https://commons.wikimedia.org/wiki/File%3AFundulus_heteroclitus.jpg,https://upload.wikimedia.org/wikipedia/commons/thumb/6/68/Fundulus_heteroclitus.jpg/1280px-Fundulus_heteroclitus.jpg,CC BY 2.5,Brian.gratwicke at English Wikipedia,2026-07-23T17:16:03.399Z,2026-07-24T13:26:42.310Z
wikimedia-commons-66f1933b7a,mummichog,Mummichog,Fundulus heteroclitus,adult,true,,false,./images/species/mummichog/adult-3.jpg,staging/images/mummichog/unknown/wikimedia-commons-66f1933b7a.jpg,wikimedia-commons,https://commons.wikimedia.org/wiki/File%3AFundulus_heteroclitus_(S0048)_(12679096863).jpg,https://upload.wikimedia.org/wikipedia/commons/thumb/8/82/Fundulus_heteroclitus_%28S0048%29_%2812679096863%29.jpg/1280px-Fundulus_heteroclitus_%28S0048%29_%2812679096863%29.jpg,CC BY 2.0,Smithsonian Environmental Research Center,2026-07-23T17:17:19.965Z,2026-07-24T13:26:24.951Z
wikimedia-commons-a269548f72,mummichog,Mummichog,Fundulus heteroclitus,adult,true,,false,./images/species/mummichog/adult-4.jpg,staging/images/mummichog/unknown/wikimedia-commons-a269548f72.jpg,wikimedia-commons,https://commons.wikimedia.org/wiki/File%3AFundulus_heteroclitus_RR_08-11-19_0580_(48547991467).jpg,https://upload.wikimedia.org/wikipedia/commons/thumb/6/6e/Fundulus_heteroclitus_RR_08-11-19_0580_%2848547991467%29.jpg/1280px-Fundulus_heteroclitus_RR_08-11-19_0580_%2848547991467%29.jpg,CC BY 2.0,Smithsonian Environmental Research Center,2026-07-23T17:17:21.271Z,2026-07-24T13:26:30.894Z
wikimedia-commons-6ced669d95,mummichog,Mummichog,Fundulus heteroclitus,adult,true,,false,./images/species/mummichog/adult-5.jpg,staging/images/mummichog/unknown/wikimedia-commons-6ced669d95.jpg,wikimedia-commons,https://commons.wikimedia.org/wiki/File%3AFundulus_heteroclitus_189919032.jpg,https://upload.wikimedia.org/wikipedia/commons/thumb/d/d9/Fundulus_heteroclitus_189919032.jpg/1280px-Fundulus_heteroclitus_189919032.jpg,CC BY 4.0,averagewalrus,2026-07-23T17:17:49.451Z,2026-07-24T13:26:49.094Z
wikimedia-commons-e6d5fcfdf0,ninespine-stickleback,Ninespine Stickleback,Pungitius pungitius,unknown,false,approved but no life stage assigned yet — re-review and set a stage,false,,staging/images/ninespine-stickleback/unknown/wikimedia-commons-e6d5fcfdf0.jpg,wikimedia-commons,https://commons.wikimedia.org/wiki/File%3APungitius_pungitius.jpg,https://upload.wikimedia.org/wikipedia/commons/2/22/Pungitius_pungitius.jpg,Public domain,Piet Spaans,2026-07-23T17:21:31.505Z,2026-07-24T13:30:14.519Z
wikimedia-commons-3b10b5becd,threespine-stickleback,Threespine Stickleback,Gasterosteus aculeatus,adult,true,,false,./images/species/threespine-stickleback/adult-1.jpg,staging/images/threespine-stickleback/unknown/wikimedia-commons-3b10b5becd.jpg,wikimedia-commons,https://commons.wikimedia.org/wiki/File%3AD._Marcus_Elieser_Bloch's%2C_aus%C3%BCbenden_Arztes_zu_Berlin_..._%C3%96konomische_Naturgeschichte_der_Fische_Deutschlands_(Tafel_53)_(6032447719).jpg,https://upload.wikimedia.org/wikipedia/commons/thumb/f/f4/D._Marcus_Elieser_Bloch%27s%2C_aus%C3%BCbenden_Arztes_zu_Berlin_..._%C3%96konomische_Naturgeschichte_der_Fische_Deutschlands_%28Tafel_53%29_%286032447719%29.jpg/1280px-D._Marcus_Elieser_Bloch%27s%2C_aus%C3%BCbenden_Arztes_zu_Berlin_..._%C3%96konomische_Naturgeschichte_der_Fische_Deutschlands_%28Tafel_53%29_%286032447719%29.jpg,Public domain,"Berger, F. G.; Bloch, Marcus Elieser; Bodenehr, G.; Darchow, C.; Gursch, C. F.; Krüger; Schmidt, A. F.; Schmidt, F. G.; Schmidt, Friedrich Wilhelm; Schmidt, Johann Gottlieb; Schmidt, Ludwig",2026-07-23T17:27:47.997Z,2026-07-24T13:31:18.956Z
wikimedia-commons-f23af277a1,threespine-stickleback,Threespine Stickleback,Gasterosteus aculeatus,adult,true,,false,./images/species/threespine-stickleback/adult-2.jpg,staging/images/threespine-stickleback/unknown/wikimedia-commons-f23af277a1.jpg,wikimedia-commons,https://commons.wikimedia.org/wiki/File%3ADreistachlige_Stichling_Gasterosteus_aculeatus.jpg,https://upload.wikimedia.org/wikipedia/commons/thumb/4/49/Dreistachlige_Stichling_Gasterosteus_aculeatus.jpg/1280px-Dreistachlige_Stichling_Gasterosteus_aculeatus.jpg,CC BY 4.0,Holger Krisp,2026-07-23T17:29:58.775Z,2026-07-24T13:30:32.043Z
gbif-e2f056e16f,threespine-stickleback,Threespine Stickleback,Gasterosteus aculeatus,adult,true,,false,./images/species/threespine-stickleback/adult-3.jpg,staging/images/threespine-stickleback/adult/gbif-e2f056e16f.jpg,gbif,https://www.gbif.org/occurrence/6131610073,https://inaturalist-open-data.s3.amazonaws.com/photos/606170558/original.jpg,CC BY-NC 4.0,smelt_luvr_42069,2026-07-23T17:31:07.720Z,2026-07-24T13:31:29.349Z
wikimedia-commons-72906bbf29,slimy-sculpin,Slimy Sculpin,Cottus cognatus,adult,true,,false,./images/species/slimy-sculpin/adult-1.jpg,staging/images/slimy-sculpin/unknown/wikimedia-commons-72906bbf29.jpg,wikimedia-commons,https://commons.wikimedia.org/wiki/File%3ACottus_cognatus.jpg,https://upload.wikimedia.org/wikipedia/commons/9/92/Cottus_cognatus.jpg,Public domain,Painting by Ellen Edmonson,2026-07-23T17:33:26.250Z,2026-07-24T13:31:38.908Z
wikimedia-commons-c60347f49f,slimy-sculpin,Slimy Sculpin,Cottus cognatus,adult,true,,false,./images/species/slimy-sculpin/adult-2.jpg,staging/images/slimy-sculpin/unknown/wikimedia-commons-c60347f49f.jpg,wikimedia-commons,https://commons.wikimedia.org/wiki/File%3AFMIB_39416_Cottus_chamberlaini_Evermann_%26_Goldsborough%2C_new_species_Type.jpeg,https://upload.wikimedia.org/wikipedia/commons/f/f3/FMIB_39416_Cottus_chamberlaini_Evermann_%26_Goldsborough%2C_new_species_Type.jpeg,Public domain,Barton Warren Evermann / Edmund Lee Goldsborough,2026-07-23T17:33:31.760Z,2026-07-24T13:31:55.962Z
wikimedia-commons-35e88b0934,american-eel,American Eel,Anguilla rostrata,adult,true,,true,./images/species/american-eel/adult-1.jpg,staging/images/american-eel/adult/wikimedia-commons-35e88b0934.jpg,wikimedia-commons,https://commons.wikimedia.org/wiki/File%3ACredit-_Duane_Raver-USFWS_(6149968041).jpg,https://upload.wikimedia.org/wikipedia/commons/thumb/6/67/Credit-_Duane_Raver-USFWS_%286149968041%29.jpg/1280px-Credit-_Duane_Raver-USFWS_%286149968041%29.jpg,Public domain,U. S. Fish and Wildlife Service - Northeast Region,2026-07-23T17:38:37.837Z,2026-07-24T13:32:34.513Z
wikimedia-commons-ee41a41725,american-eel,American Eel,Anguilla rostrata,adult,true,,false,./images/species/american-eel/adult-2.jpg,staging/images/american-eel/unknown/wikimedia-commons-ee41a41725.jpg,wikimedia-commons,https://commons.wikimedia.org/wiki/File%3AAmerican_eel_(Anguilla_rostrata)_(4015394951).jpg,https://upload.wikimedia.org/wikipedia/commons/a/a7/American_eel_%28Anguilla_rostrata%29_%284015394951%29.jpg,CC BY 2.0,"Clinton &amp; Charles Robertson from RAF Lakenheath, UK &amp; San Marcos, TX, USA &amp; UK",2026-07-23T17:39:31.015Z,2026-07-24T13:32:46.714Z
wikimedia-commons-a1f315e0fd,american-eel,American Eel,Anguilla rostrata,adult,true,,false,./images/species/american-eel/adult-3.png,staging/images/american-eel/unknown/wikimedia-commons-a1f315e0fd.png,wikimedia-commons,https://commons.wikimedia.org/wiki/File%3AAmerican_eel_(Anguilla_rostrata).png,https://upload.wikimedia.org/wikipedia/commons/thumb/6/67/American_eel_%28Anguilla_rostrata%29.png/1280px-American_eel_%28Anguilla_rostrata%29.png,Public domain,Kayt Jonsson/USFWS,2026-07-23T17:41:21.325Z,2026-07-24T13:32:56.570Z
gbif-322d34220f,american-eel,American Eel,Anguilla rostrata,adult,true,,false,./images/species/american-eel/adult-4.jpg,staging/images/american-eel/adult/gbif-322d34220f.jpg,gbif,https://www.gbif.org/occurrence/6159203973,https://inaturalist-open-data.s3.amazonaws.com/photos/615000894/original.jpg,CC BY-NC 4.0,adam_small,2026-07-23T17:42:21.764Z,2026-07-24T13:32:32.304Z
gbif-32cfc3f0bf,american-eel,American Eel,Anguilla rostrata,juvenile,true,,false,./images/species/american-eel/juvenile-1.jpg,staging/images/american-eel/juvenile/gbif-32cfc3f0bf.jpg,gbif,https://www.gbif.org/occurrence/6178387260,https://inaturalist-open-data.s3.amazonaws.com/photos/605735002/original.jpg,CC BY-NC 4.0,ivoryhead,2026-07-23T17:42:33.693Z,2026-07-24T13:32:39.495Z
wikimedia-commons-9b0b0a1d4b,white-sucker,White Sucker,Catostomus commersonii,juvenile,true,,false,./images/species/white-sucker/juvenile-1.jpg,staging/images/white-sucker/unknown/wikimedia-commons-9b0b0a1d4b.jpg,wikimedia-commons,https://commons.wikimedia.org/wiki/File%3AWhite_Sucker%2C_Catostomus_commersonii.jpg,https://upload.wikimedia.org/wikipedia/commons/thumb/e/e7/White_Sucker%2C_Catostomus_commersonii.jpg/1280px-White_Sucker%2C_Catostomus_commersonii.jpg,CC BY 2.0,Brian Gratwicke,2026-07-23T17:44:54.250Z,2026-07-24T13:33:15.560Z
gbif-ce124de604,white-sucker,White Sucker,Catostomus commersonii,juvenile,true,,false,./images/species/white-sucker/juvenile-2.jpg,staging/images/white-sucker/unknown/gbif-ce124de604.jpg,gbif,https://www.gbif.org/occurrence/6130240907,https://inaturalist-open-data.s3.amazonaws.com/photos/608525212/original.jpg,CC BY-NC 4.0,Landon Marshall,2026-07-23T17:47:48.157Z,2026-07-24T13:33:38.945Z
wikimedia-commons-278b824b0f,white-sucker,White Sucker,Catostomus commersonii,adult,true,,false,./images/species/white-sucker/adult-1.jpg,staging/images/white-sucker/unknown/wikimedia-commons-278b824b0f.jpg,wikimedia-commons,https://commons.wikimedia.org/wiki/File%3AFMIB_43245_Brook_Sucker_(Catostomus_commersonii).jpeg,https://upload.wikimedia.org/wikipedia/commons/thumb/5/58/FMIB_43245_Brook_Sucker_%28Catostomus_commersonii%29.jpeg/1280px-FMIB_43245_Brook_Sucker_%28Catostomus_commersonii%29.jpeg,Public domain,"State of New York Forest, Fish, and Game Commission",2026-07-23T17:46:26.155Z,2026-07-24T13:33:26.458Z
gbif-7eafcb3aca,white-sucker,White Sucker,Catostomus commersonii,adult,true,,false,./images/species/white-sucker/adult-2.jpg,staging/images/white-sucker/adult/gbif-7eafcb3aca.jpg,gbif,https://www.gbif.org/occurrence/6129891646,https://inaturalist-open-data.s3.amazonaws.com/photos/610159879/original.jpg,CC BY-NC 4.0,cybilla,2026-07-23T17:47:39.866Z,2026-07-24T13:33:02.416Z
gbif-9c25a83d32,white-sucker,White Sucker,Catostomus commersonii,adult,true,,false,./images/species/white-sucker/adult-3.jpg,staging/images/white-sucker/adult/gbif-9c25a83d32.jpg,gbif,https://www.gbif.org/occurrence/6130798283,https://inaturalist-open-data.s3.amazonaws.com/photos/606945817/original.jpg,CC BY-NC 4.0,Emily Palahnuk,2026-07-23T17:48:48.167Z,2026-07-24T13:33:05.103Z
wikimedia-commons-668d498b32,brown-bullhead,Brown Bullhead,Ameiurus nebulosus,adult,true,,true,./images/species/brown-bullhead/adult-1.jpg,staging/images/brown-bullhead/adult/wikimedia-commons-668d498b32.jpg,wikimedia-commons,https://commons.wikimedia.org/wiki/File%3ABrown_bullhead_fish_ameiurus_nebulosus_(white_background).jpg,https://upload.wikimedia.org/wikipedia/commons/thumb/4/46/Brown_bullhead_fish_ameiurus_nebulosus_%28white_background%29.jpg/1280px-Brown_bullhead_fish_ameiurus_nebulosus_%28white_background%29.jpg,Public domain,"Duane Raver, U.S. Fish and Wildlife Service",2026-07-23T17:51:17.686Z,2026-07-24T13:33:44.249Z
wikimedia-commons-9012a74369,brown-bullhead,Brown Bullhead,Ameiurus nebulosus,adult,true,,false,./images/species/brown-bullhead/adult-2.jpg,staging/images/brown-bullhead/unknown/wikimedia-commons-9012a74369.jpg,wikimedia-commons,https://commons.wikimedia.org/wiki/File%3AAmeiurus_nebulosus.jpg,https://upload.wikimedia.org/wikipedia/commons/b/b4/Ameiurus_nebulosus.jpg,CC BY-SA 2.5,Unknown,2026-07-23T17:51:21.671Z,2026-07-24T13:33:51.121Z
gbif-1687a206ac,brown-bullhead,Brown Bullhead,Ameiurus nebulosus,adult,true,,false,./images/species/brown-bullhead/adult-3.jpg,staging/images/brown-bullhead/adult/gbif-1687a206ac.jpg,gbif,https://www.gbif.org/occurrence/6130909271,https://inaturalist-open-data.s3.amazonaws.com/photos/607974743/original.jpg,CC BY-NC 4.0,Kathryn Jones,2026-07-23T17:55:21.835Z,2026-07-24T13:33:46.560Z
wikimedia-commons-3939681adc,brown-bullhead,Brown Bullhead,Ameiurus nebulosus,juvenile,true,,false,./images/species/brown-bullhead/juvenile-1.jpg,staging/images/brown-bullhead/unknown/wikimedia-commons-3939681adc.jpg,wikimedia-commons,https://commons.wikimedia.org/wiki/File%3ABrown_bullhead_juvenile_2_odfw_(50090644756).jpg,https://upload.wikimedia.org/wikipedia/commons/thumb/5/51/Brown_bullhead_juvenile_2_odfw_%2850090644756%29.jpg/1280px-Brown_bullhead_juvenile_2_odfw_%2850090644756%29.jpg,CC BY-SA 2.0,Oregon Department of Fish &amp; Wildlife,2026-07-23T17:53:24.945Z,2026-07-24T13:33:58.169Z
wikimedia-commons-fcf54773aa,yellow-perch,Yellow Perch,Perca flavescens,adult,true,,true,./images/species/yellow-perch/adult-1.jpg,staging/images/yellow-perch/adult/wikimedia-commons-fcf54773aa.jpg,wikimedia-commons,https://commons.wikimedia.org/wiki/File%3AYellow_perch_fish_perca_flavescens.jpg,https://upload.wikimedia.org/wikipedia/commons/thumb/7/71/Yellow_perch_fish_perca_flavescens.jpg/1280px-Yellow_perch_fish_perca_flavescens.jpg,Public domain,"Raver Duane, U.S. Fish and Wildlife Service",2026-07-23T17:57:55.211Z,2026-07-24T13:34:17.049Z
wikimedia-commons-78aa7454a3,yellow-perch,Yellow Perch,Perca flavescens,adult,true,,false,./images/species/yellow-perch/adult-2.jpg,staging/images/yellow-perch/unknown/wikimedia-commons-78aa7454a3.jpg,wikimedia-commons,https://commons.wikimedia.org/wiki/File%3AYellowPerch.jpg,https://upload.wikimedia.org/wikipedia/commons/7/7f/YellowPerch.jpg,Public domain,Originally uploaded to English Wikipedia by en:User:Hadal,2026-07-23T17:58:20.088Z,2026-07-24T13:34:27.128Z
gbif-5ee260e641,yellow-perch,Yellow Perch,Perca flavescens,adult,true,,false,./images/species/yellow-perch/adult-3.jpg,staging/images/yellow-perch/unknown/gbif-5ee260e641.jpg,gbif,https://www.gbif.org/occurrence/5938222176,https://inaturalist-open-data.s3.amazonaws.com/photos/605453079/original.jpg,CC BY-NC 4.0,Daniel Wieferich,2026-07-23T18:02:28.435Z,2026-07-24T13:34:35.288Z
gbif-674409073a,yellow-perch,Yellow Perch,Perca flavescens,adult,true,,false,./images/species/yellow-perch/adult-4.jpg,staging/images/yellow-perch/adult/gbif-674409073a.jpg,gbif,https://www.gbif.org/occurrence/5938227627,https://inaturalist-open-data.s3.amazonaws.com/photos/605507225/original.jpg,CC BY-NC 4.0,szeligaw,2026-07-23T18:02:32.709Z,2026-07-24T13:34:19.719Z
wikimedia-commons-fdb3a02edb,alewife,Alewife (Gaspereau),Alosa pseudoharengus,adult,true,,true,./images/species/alewife/adult-1.jpg,staging/images/alewife/adult/wikimedia-commons-fdb3a02edb.jpg,wikimedia-commons,https://commons.wikimedia.org/wiki/File%3AAlewife_fish_(white_background).jpg,https://upload.wikimedia.org/wikipedia/commons/thumb/4/41/Alewife_fish_%28white_background%29.jpg/1280px-Alewife_fish_%28white_background%29.jpg,Public domain,"Duane Raver, U.S. Fish and Wildlife Service",2026-07-23T18:05:52.767Z,2026-07-24T13:34:41.896Z
gbif-42291cd46f,alewife,Alewife (Gaspereau),Alosa pseudoharengus,adult,true,,false,./images/species/alewife/adult-2.jpg,staging/images/alewife/unknown/gbif-42291cd46f.jpg,gbif,https://www.gbif.org/occurrence/6188023896,https://inaturalist-open-data.s3.amazonaws.com/photos/633887553/original.jpg,CC BY-NC 4.0,JenWinnell,2026-07-23T18:09:45.190Z,2026-07-24T13:34:56.577Z
wikimedia-commons-d91883a2d6,alewife,Alewife (Gaspereau),Alosa pseudoharengus,juvenile,true,,false,./images/species/alewife/juvenile-1.jpg,staging/images/alewife/unknown/wikimedia-commons-d91883a2d6.jpg,wikimedia-commons,https://commons.wikimedia.org/wiki/File%3AAlewife_(9565981042).jpg,https://upload.wikimedia.org/wikipedia/commons/thumb/8/88/Alewife_%289565981042%29.jpg/1280px-Alewife_%289565981042%29.jpg,CC BY-SA 2.0,NOAA Great Lakes Environmental Research Laboratory,2026-07-23T18:06:08.910Z,2026-07-24T13:34:49.320Z
wikimedia-commons-e405304025,blueback-herring,Blueback Herring,Alosa aestivalis,adult,true,,true,./images/species/blueback-herring/adult-1.jpg,staging/images/blueback-herring/adult/wikimedia-commons-e405304025.jpg,wikimedia-commons,https://commons.wikimedia.org/wiki/File%3ABlueback_herring_fish_(white_background).jpg,https://upload.wikimedia.org/wikipedia/commons/thumb/9/9a/Blueback_herring_fish_%28white_background%29.jpg/1280px-Blueback_herring_fish_%28white_background%29.jpg,Public domain,"Duane Raver, U.S. Fish and Wildlife Service",2026-07-23T18:13:19.624Z,2026-07-24T13:35:05.239Z
wikimedia-commons-dd96663873,blueback-herring,Blueback Herring,Alosa aestivalis,adult,true,,false,./images/species/blueback-herring/adult-2.jpg,staging/images/blueback-herring/unknown/wikimedia-commons-dd96663873.jpg,wikimedia-commons,https://commons.wikimedia.org/wiki/File%3AAlosa_aestivalis_(S0938)_(12599884395).jpg,https://upload.wikimedia.org/wikipedia/commons/thumb/2/2e/Alosa_aestivalis_%28S0938%29_%2812599884395%29.jpg/1280px-Alosa_aestivalis_%28S0938%29_%2812599884395%29.jpg,CC BY 2.0,Smithsonian Environmental Research Center,2026-07-23T18:14:41.356Z,2026-07-24T13:35:42.759Z
gbif-7a39c5604d,blueback-herring,Blueback Herring,Alosa aestivalis,adult,true,,false,./images/species/blueback-herring/adult-3.jpg,staging/images/blueback-herring/unknown/gbif-7a39c5604d.jpg,gbif,https://www.gbif.org/occurrence/6130469920,https://inaturalist-open-data.s3.amazonaws.com/photos/611072200/original.jpg,CC BY-NC 4.0,Jacob Jones,2026-07-23T18:17:33.781Z,2026-07-24T13:35:14.195Z
gbif-4ef9ff4d02,blueback-herring,Blueback Herring,Alosa aestivalis,adult,true,,false,./images/species/blueback-herring/adult-4.jpg,staging/images/blueback-herring/unknown/gbif-4ef9ff4d02.jpg,gbif,https://www.gbif.org/occurrence/6195970495,https://inaturalist-open-data.s3.amazonaws.com/photos/637319359/original.jpg,CC BY-NC 4.0,natebillhime,2026-07-23T18:17:54.039Z,2026-07-24T13:35:22.352Z
wikimedia-commons-fcdf2162fa,rainbow-smelt,Rainbow Smelt,Osmerus mordax,adult,true,,false,./images/species/rainbow-smelt/adult-1.jpg,staging/images/rainbow-smelt/unknown/wikimedia-commons-fcdf2162fa.jpg,wikimedia-commons,https://commons.wikimedia.org/wiki/File%3ARainbow_smelt.jpg,https://upload.wikimedia.org/wikipedia/commons/5/5b/Rainbow_smelt.jpg,Public domain,http://www.glerl.noaa.gov/pubs/photogallery/Fish/pages/1076.html,2026-07-23T18:21:06.575Z,2026-07-24T13:36:10.383Z
wikimedia-commons-aa3953a7a4,rainbow-smelt,Rainbow Smelt,Osmerus mordax,adult,true,,false,./images/species/rainbow-smelt/adult-2.jpg,staging/images/rainbow-smelt/unknown/wikimedia-commons-aa3953a7a4.jpg,wikimedia-commons,https://commons.wikimedia.org/wiki/File%3AOsmerus_mordax_364847421.jpg,https://upload.wikimedia.org/wikipedia/commons/thumb/1/14/Osmerus_mordax_364847421.jpg/1280px-Osmerus_mordax_364847421.jpg,CC BY 4.0,Bex Goreham,2026-07-23T18:22:00.062Z,2026-07-24T13:36:19.475Z
gbif-d1690de6c3,rainbow-smelt,Rainbow Smelt,Osmerus mordax,adult,true,,false,./images/species/rainbow-smelt/adult-3.jpg,staging/images/rainbow-smelt/adult/gbif-d1690de6c3.jpg,gbif,https://www.gbif.org/occurrence/6133151566,https://inaturalist-open-data.s3.amazonaws.com/photos/612226692/original.jpg,CC BY-NC 4.0,Alexander Skevington,2026-07-23T18:23:27.281Z,2026-07-24T13:35:46.118Z
gbif-83ec0daeb9,rainbow-smelt,Rainbow Smelt,Osmerus mordax,adult,true,,false,./images/species/rainbow-smelt/adult-4.jpg,staging/images/rainbow-smelt/adult/gbif-83ec0daeb9.jpg,gbif,https://www.gbif.org/occurrence/6133508443,https://inaturalist-open-data.s3.amazonaws.com/photos/612529807/original.jpg,CC BY-NC 4.0,wes_inc,2026-07-23T18:23:35.525Z,2026-07-24T13:35:51.781Z
gbif-9fbef5a8b4,rainbow-smelt,Rainbow Smelt,Osmerus mordax,adult,true,,false,./images/species/rainbow-smelt/adult-5.jpg,staging/images/rainbow-smelt/adult/gbif-9fbef5a8b4.jpg,gbif,https://www.gbif.org/occurrence/6147309898,https://inaturalist-open-data.s3.amazonaws.com/photos/614377095/original.jpg,CC BY-NC 4.0,Dylan.B,2026-07-23T18:23:43.589Z,2026-07-24T13:35:54.070Z
gbif-7feefd3dc9,rainbow-smelt,Rainbow Smelt,Osmerus mordax,adult,true,,false,./images/species/rainbow-smelt/adult-6.jpg,staging/images/rainbow-smelt/adult/gbif-7feefd3dc9.jpg,gbif,https://www.gbif.org/occurrence/6147440692,https://inaturalist-open-data.s3.amazonaws.com/photos/614330908/original.jpg,CC BY-NC 4.0,J. Burke Korol,2026-07-23T18:23:59.596Z,2026-07-24T13:35:59.381Z
wikimedia-commons-0592998004,atlantic-tomcod,Atlantic Tomcod,Microgadus tomcod,adult,true,,false,./images/species/atlantic-tomcod/adult-1.jpg,staging/images/atlantic-tomcod/unknown/wikimedia-commons-0592998004.jpg,wikimedia-commons,https://commons.wikimedia.org/wiki/File%3APOULAMON.JPG,https://upload.wikimedia.org/wikipedia/commons/thumb/b/b3/POULAMON.JPG/1280px-POULAMON.JPG,Public domain,Joanie Côté,2026-07-23T18:27:21.951Z,2026-07-24T13:36:53.825Z
wikimedia-commons-0d00eca1a2,atlantic-tomcod,Atlantic Tomcod,Microgadus tomcod,adult,true,,false,./images/species/atlantic-tomcod/adult-2.jpg,staging/images/atlantic-tomcod/unknown/wikimedia-commons-0d00eca1a2.jpg,wikimedia-commons,https://commons.wikimedia.org/wiki/File%3AFMIB_41596_Tomcod_or_Frost-Fish_(Gadus_tomcod).jpeg,https://upload.wikimedia.org/wikipedia/commons/thumb/e/e3/FMIB_41596_Tomcod_or_Frost-Fish_%28Gadus_tomcod%29.jpeg/1280px-FMIB_41596_Tomcod_or_Frost-Fish_%28Gadus_tomcod%29.jpeg,Public domain,Unknown authorUnknown author,2026-07-23T18:28:10.281Z,2026-07-24T13:36:57.784Z
wikimedia-commons-b3fe689606,atlantic-tomcod,Atlantic Tomcod,Microgadus tomcod,adult,true,,false,./images/species/atlantic-tomcod/adult-3.jpg,staging/images/atlantic-tomcod/unknown/wikimedia-commons-b3fe689606.jpg,wikimedia-commons,https://commons.wikimedia.org/wiki/File%3APoulamon2_retusche.jpg,https://upload.wikimedia.org/wikipedia/commons/thumb/e/e2/Poulamon2_retusche.jpg/1280px-Poulamon2_retusche.jpg,Public domain,"Joanie Côté, derivative work Lämpel",2026-07-23T18:28:47.811Z,2026-07-24T13:37:11.450Z
gbif-f3e0de3443,atlantic-tomcod,Atlantic Tomcod,Microgadus tomcod,juvenile,true,,false,./images/species/atlantic-tomcod/juvenile-1.jpg,staging/images/atlantic-tomcod/juvenile/gbif-f3e0de3443.jpg,gbif,https://www.gbif.org/occurrence/6333869683,https://inaturalist-open-data.s3.amazonaws.com/photos/664732568/original.jpg,CC BY-NC 4.0,Sarah Wilme,2026-07-23T18:30:27.126Z,2026-07-24T13:36:39.574Z
wikimedia-commons-f588201dcd,sea-lamprey,Sea Lamprey,Petromyzon marinus,adult,true,,false,./images/species/sea-lamprey/adult-1.jpg,staging/images/sea-lamprey/unknown/wikimedia-commons-f588201dcd.jpg,wikimedia-commons,https://commons.wikimedia.org/wiki/File%3APetromyzon_marinus.001_-_Aquarium_Finisterrae.jpg,https://upload.wikimedia.org/wikipedia/commons/b/bc/Petromyzon_marinus.001_-_Aquarium_Finisterrae.jpg,CC BY-SA 4.0,Fernando Losada Rodríguez,2026-07-23T18:33:20.508Z,2026-07-24T13:37:39.535Z
wikimedia-commons-3f5ca9dff4,sea-lamprey,Sea Lamprey,Petromyzon marinus,adult,true,,false,./images/species/sea-lamprey/adult-2.jpg,staging/images/sea-lamprey/unknown/wikimedia-commons-3f5ca9dff4.jpg,wikimedia-commons,https://commons.wikimedia.org/wiki/File%3APetromyzon_marinus_50240253.jpg,https://upload.wikimedia.org/wikipedia/commons/thumb/0/06/Petromyzon_marinus_50240253.jpg/1280px-Petromyzon_marinus_50240253.jpg,CC BY 4.0,brendanboyd,2026-07-23T18:33:40.490Z,2026-07-24T13:37:45.527Z
gbif-72b385ad2e,sea-lamprey,Sea Lamprey,Petromyzon marinus,adult,true,,false,./images/species/sea-lamprey/adult-3.jpg,staging/images/sea-lamprey/unknown/gbif-72b385ad2e.jpg,gbif,https://www.gbif.org/occurrence/6163101437,https://inaturalist-open-data.s3.amazonaws.com/photos/614711057/original.jpg,CC BY-NC 4.0,marsel mersinaj,2026-07-23T18:36:53.485Z,2026-07-24T13:37:50.606Z
gbif-77bddadf48,sea-lamprey,Sea Lamprey,Petromyzon marinus,juvenile,true,,false,./images/species/sea-lamprey/juvenile-1.jpg,staging/images/sea-lamprey/juvenile/gbif-77bddadf48.jpg,gbif,https://www.gbif.org/occurrence/6133144112,https://inaturalist-open-data.s3.amazonaws.com/photos/612413388/original.jpg,CC BY-NC 4.0,Charcos Companhia,2026-07-23T18:36:38.766Z,2026-07-24T13:37:26.488Z
gbif-1d011e4c43,sea-lamprey,Sea Lamprey,Petromyzon marinus,juvenile,true,,false,./images/species/sea-lamprey/juvenile-2.jpg,staging/images/sea-lamprey/juvenile/gbif-1d011e4c43.jpg,gbif,https://www.gbif.org/occurrence/6171088253,https://inaturalist-open-data.s3.amazonaws.com/photos/619018813/original.jpg,CC BY-NC 4.0,tightontanago,2026-07-23T18:37:13.540Z,2026-07-24T13:37:32.965Z
gbif-e34d357a20,sea-lamprey,Sea Lamprey,Petromyzon marinus,juvenile,true,,false,./images/species/sea-lamprey/juvenile-3.jpg,staging/images/sea-lamprey/juvenile/gbif-e34d357a20.jpg,gbif,https://www.gbif.org/occurrence/6171088253,https://inaturalist-open-data.s3.amazonaws.com/photos/619018841/original.jpg,CC BY-NC 4.0,tightontanago,2026-07-23T18:37:17.523Z,2026-07-24T13:37:33.738Z
wikimedia-commons-bca1f18cce,golden-shiner,Golden Shiner,Notemigonus crysoleucas,adult,true,,true,./images/species/golden-shiner/adult-1.jpg,staging/images/golden-shiner/adult/wikimedia-commons-bca1f18cce.jpg,wikimedia-commons,https://commons.wikimedia.org/wiki/File%3ANotemigonus_crysoleucas-1.jpg,https://upload.wikimedia.org/wikipedia/commons/thumb/2/22/Notemigonus_crysoleucas-1.jpg/1280px-Notemigonus_crysoleucas-1.jpg,Public domain,Unknown,2026-07-23T18:39:31.078Z,2026-07-24T13:37:57.814Z
wikimedia-commons-8ff9a78b23,golden-shiner,Golden Shiner,Notemigonus crysoleucas,adult,true,,false,./images/species/golden-shiner/adult-2.jpg,staging/images/golden-shiner/unknown/wikimedia-commons-8ff9a78b23.jpg,wikimedia-commons,https://commons.wikimedia.org/wiki/File%3ARotfeder_Rudd.jpg,https://upload.wikimedia.org/wikipedia/commons/thumb/e/e4/Rotfeder_Rudd.jpg/1280px-Rotfeder_Rudd.jpg,CC BY 2.0,Olaf Nies,2026-07-23T18:40:10.019Z,2026-07-24T13:38:05.813Z
gbif-c22568d714,golden-shiner,Golden Shiner,Notemigonus crysoleucas,adult,true,,false,./images/species/golden-shiner/adult-3.jpg,staging/images/golden-shiner/unknown/gbif-c22568d714.jpg,gbif,https://www.gbif.org/occurrence/6130346313,https://inaturalist-open-data.s3.amazonaws.com/photos/609552835/original.jpg,CC BY-NC 4.0,monicareusche,2026-07-23T18:43:58.536Z,2026-07-24T13:38:14.263Z
gbif-cc7f7b7be2,golden-shiner,Golden Shiner,Notemigonus crysoleucas,adult,true,,false,./images/species/golden-shiner/adult-4.jpg,staging/images/golden-shiner/unknown/gbif-cc7f7b7be2.jpg,gbif,https://www.gbif.org/occurrence/6130346313,https://inaturalist-open-data.s3.amazonaws.com/photos/609552816/original.jpg,CC BY-NC 4.0,monicareusche,2026-07-23T18:44:02.912Z,2026-07-24T13:38:10.749Z
wikimedia-commons-4385c7c840,pumpkinseed,Pumpkinseed,Lepomis gibbosus,adult,true,,true,./images/species/pumpkinseed/adult-1.jpg,staging/images/pumpkinseed/adult/wikimedia-commons-4385c7c840.jpg,wikimedia-commons,https://commons.wikimedia.org/wiki/File%3ALepomis_gibbosus_U_S_Fish_and_Wildlife_Service.jpg,https://upload.wikimedia.org/wikipedia/commons/thumb/d/de/Lepomis_gibbosus_U_S_Fish_and_Wildlife_Service.jpg/1280px-Lepomis_gibbosus_U_S_Fish_and_Wildlife_Service.jpg,Public domain,"Raver, Duane",2026-07-23T18:47:27.873Z,2026-07-24T13:38:17.758Z
wikimedia-commons-220ab7fabd,pumpkinseed,Pumpkinseed,Lepomis gibbosus,adult,true,,false,./images/species/pumpkinseed/adult-2.jpg,staging/images/pumpkinseed/unknown/wikimedia-commons-220ab7fabd.jpg,wikimedia-commons,https://commons.wikimedia.org/wiki/File%3APumpkingill_1_(Lepomis_gibbosus_x_macrochirus).jpg,https://upload.wikimedia.org/wikipedia/commons/thumb/b/bb/Pumpkingill_1_%28Lepomis_gibbosus_x_macrochirus%29.jpg/1280px-Pumpkingill_1_%28Lepomis_gibbosus_x_macrochirus%29.jpg,CC BY-SA 4.0,Paleo1954,2026-07-23T18:52:03.888Z,2026-07-24T13:38:24.557Z
gbif-212d03dad3,pumpkinseed,Pumpkinseed,Lepomis gibbosus,adult,true,,false,./images/species/pumpkinseed/adult-3.jpg,staging/images/pumpkinseed/unknown/gbif-212d03dad3.jpg,gbif,https://www.gbif.org/occurrence/5938703584,https://inaturalist-open-data.s3.amazonaws.com/photos/605607575/original.jpg,CC BY-NC 4.0,gid,2026-07-23T18:52:44.648Z,2026-07-24T13:38:34.590Z
wikimedia-commons-336f556616,pumpkinseed,Pumpkinseed,Lepomis gibbosus,juvenile,true,,false,./images/species/pumpkinseed/juvenile-1.jpg,staging/images/pumpkinseed/unknown/wikimedia-commons-336f556616.jpg,wikimedia-commons,https://commons.wikimedia.org/wiki/File%3AJuveniles_percasol_(Lepomis_gibbosus).jpg,https://upload.wikimedia.org/wikipedia/commons/7/78/Juveniles_percasol_%28Lepomis_gibbosus%29.jpg,CC BY-SA 3.0,Osado,2026-07-23T18:49:10.231Z,2026-07-24T13:38:28.674Z
